Coordinates,name
"POLYGON ((-80.6715883 35.0720879, -80.7000841 35.0756001, -80.7297815 35.06703, -80.7333864 35.0580374, -80.726005 35.0514328, -80.6987108 35.0340054, -80.6923593 35.0337243, -80.6715883 35.0720879))",North
"POLYGON ((-80.6930124 35.0219561, -80.7090627 35.0213938, -80.7201349 35.0228699, -80.7402192 35.0374184, -80.7443391 35.0363642, -80.7430517 35.032288, -80.7229673 35.0180901, -80.7088052 35.0158407, -80.6888925 35.0164031, -80.6892358 35.0222373, -80.6930124 35.0219561))",West
"POLYGON ((-80.6928349 35.0027996, -80.7349778 35.0040651, -80.7356645 34.9989327, -80.705967 34.9810722, -80.6821061 34.9814238, -80.6928349 35.0027996))",South
"POLYGON ((-80.6471215 35.05029, -80.6577645 35.0410848, -80.6739006 35.0207734, -80.6757889 35.0101588, -80.673214 35.0012303, -80.666605 35.0024958, -80.6689225 35.0112836, -80.6661759 35.0182429, -80.650898 35.03729, -80.6404267 35.0471281, -80.6471215 35.05029))",East
